row,column,value
1,0,2
1,2,71st Street
1,5,East Bound: 6900 / West Bound: 7700
2,0,3
2,2,71st Street
2,5,East Bound: 7800 / West Bound: 8700
3,0,5
3,1,920 West
3,2,71st Street
3,5,East Bound: 8800 / West Bound: 9400
4,0,6
4,1,758 West
4,2,71st Street
5,0,7
5,1,240 East
5,2,71st St
5,5,East Bound: 9000 / West Bound: 9300
6,0,9
6,2,71st St
6,4,8600
6,5,East Bound: 3600 / West Bound: 5000
6,6,41.76626
6,8,(41.76626
7,0,10
7,2,Commercial Ave
8,0,11
8,8,(41.732725
8,2,Commercial Ave
8,7,-87.55132
9,0,12
9,2,Commercial Ave
10,0,13
10,2,Commercial Ave
10,4,9000
11,0,14
11,2,Cottage Grove Ave
12,0,15
12,2,Cottage Grove Ave
13,0,16
13,2,Cottage Grove Ave
14,0,17
14,8,(41.78269
14,2,Cottage Grove Ave
14,5,North Bound: 10300 / South Bound: 10600
14,6,41.78269
15,0,18
15,2,Cottage Grove Ave
16,0,19
16,2,Cottage Grove Ave
16,5,North Bound: 10300 / South Bound: 11400
17,0,20
17,2,Cottage Grove Ave
18,0,21
18,2,Cottage Grove Ave
18,5,North Bound: 11100 / South Bound: 11300
19,0,23
19,1,10101 South
19,2,Cottage Grove Ave
19,8,(41.710922
19,7,-87.60573
20,0,24
21,0,25
21,8,(41.854926
21,7,-87.67592
22,0,26
22,8,(41.850395
22,7,-87.67579
23,0,27
23,5,North Bound: 13800 / South Bound: 14200
24,0,28
24,4,8100
25,0,29
25,4,7000
26,0,31
27,0,32
28,0,33
29,0,34
30,0,36
30,2,Dr Martin Luther King Jr Dr
31,0,37
31,2,Dr Martin Luther King Jr Dr
32,0,38
32,2,Dr Martin Luther King Jr Dr
33,0,39
33,2,Dr Martin Luther King Jr Dr
34,0,41
34,2,Dr Martin Luther King Jr Dr
35,0,42
35,2,Dr Martin Luther King Jr Dr
36,0,43
36,1,10326 South
36,2,Dr Martin Luther King Jr Dr
37,0,44
37,8,(41.755798
37,4,8300
37,7,-87.55646
38,0,45
38,8,(41.7504
38,4,7400
38,6,41.7504
38,7,-87.5528
39,0,47
39,4,8300
40,0,48
40,8,(41.85566
40,4,6100
40,6,41.85566
40,7,-87.62228
41,0,52
41,4,7400
41,5,North Bound: 7400 / / Oneway North Bound
42,0,53
42,4,6000
42,5,North Bound: 6000 / / Oneway North Bound
43,0,55
43,4,4400
43,5,North Bound: 4400 / / Oneway North Bound
44,0,56
44,1,10320 South
44,2,Indianapolis Ave
44,5,North Bound: 19200 / South Bound: 19300
45,0,57
45,5,North Bound: 10600 / South Bound: 10600
46,0,58
46,8,(41.77038
46,5,North Bound: 11300 / South Bound: 12400
46,6,41.77038
47,0,60
47,5,North Bound: 11200 / South Bound: 13100
48,0,61
49,0,62
50,0,63
51,0,64
51,8,(41.719732
51,4,7700
51,7,-87.57529
52,0,65
52,2,Dr Martin Luther King Jr Dr
53,0,66
53,2,Dr Martin Luther King Jr Dr
54,0,67
55,0,68
56,0,69
57,0,70
58,0,71
58,4,8100
59,0,72
59,4,8000
60,0,73
60,4,7900
61,0,74
61,4,7900
62,0,75
62,4,8100
63,0,77
63,2,South Shore Dr
63,5,North Bound: 17900 / South Bound: 17200
64,0,78
64,2,South Shore Dr
65,0,79
65,2,South Shore Dr
66,0,81
66,8,(41.863436
66,7,-87.62733
67,0,82
68,0,83
68,5,North Bound: 11200 / South Bound: 10300
69,0,84
70,0,85
70,8,(41.777072
70,7,-87.62526
71,0,86
71,5,North Bound: 12500 / / Oneway North Bound
72,0,87
72,4,7500
72,5,North Bound: 7500 / / Oneway North Bound
73,0,88
73,4,4900
73,5,North Bound: 4900 / / Oneway North Bound
74,0,89
74,4,7300
75,0,90
75,4,4500
76,0,91
76,4,7100
77,0,92
77,4,4900
78,0,93
78,8,(41.831501
78,5,North Bound: 11300 / South Bound: 12100
78,7,-87.67584
79,0,94
80,0,95
80,5,North Bound: 13600 / South Bound: 14200
81,0,96
81,8,(41.849975
81,7,-87.64032
82,0,97
83,0,98
83,5,North Bound: 15200 / South Bound: 14100
84,0,99
84,8,(41.872567
84,5,North Bound: 21100 / South Bound: 17600
84,7,-87.66656
85,5,North Bound: 19800 / South Bound: 18500
86,5,North Bound: 11800 / South Bound: 11700
87,8,(41.775834
87,5,North Bound: 14000 / South Bound: 13100
87,7,-87.66412
88,5,North Bound: 16500 / South Bound: 18500
89,5,North Bound: 12800 / South Bound: 13500
90,5,North Bound: 13600 / South Bound: 12700
91,5,North Bound: 15200 / South Bound: 12600
93,5,North Bound: 12500 / South Bound: 10100
94,5,North Bound: 12700 / South Bound: 10300
97,8,(41.87346
97,6,41.87346
101,8,(41.78453
101,6,41.78453
104,5,North Bound: 16500 / South Bound: 14400
105,5,North Bound: 20800 / South Bound: 17100
106,8,(41.75002
106,6,41.75002
109,1,10122 South
110,8,(41.698034
110,1,10748 South
110,7,-87.65927
111,5,North Bound: 14900 / South Bound: 14600
112,5,North Bound: 12800 / South Bound: 12700
113,5,North Bound: 18100 / South Bound: 17200
114,5,North Bound: 12900 / South Bound: 12700
115,8,(41.77249
115,5,North Bound: 20500 / South Bound: 18600
115,6,41.77249
116,5,North Bound: 20300 / South Bound: 20200
117,5,North Bound: 14100 / South Bound: 13200
118,5,North Bound: 15000 / South Bound: 15800
119,8,(41.712676
119,5,North Bound: 17600 / South Bound: 18100
119,7,-87.68181
120,1,10630 South
120,5,North Bound: 18500 / South Bound: 18100
121,8,(41.79459
121,6,41.79459
122,8,(41.71675
122,2,Stony Island Ave
122,5,North Bound: 22600 / South Bound: 20900
122,6,41.71675
123,2,Stony Island Ave
123,5,North Bound: 38900 / South Bound: 34000
124,8,(41.740553
124,2,Stony Island Ave
124,5,North Bound: 31300 / South Bound: 30200
124,7,-87.58573
125,2,Stony Island Ave
125,5,North Bound: 24300 / South Bound: 23600
126,2,Stony Island Ave
126,5,North Bound: 32800 / South Bound: 28800
127,2,Stony Island Ave
127,5,North Bound: 24700 / South Bound: 27800
128,2,Stony Island Ave
129,8,(41.72824
129,2,92nd St
129,6,41.72824
130,2,92nd St
131,2,99th Street
131,5,East Bound: 4400 / West Bound: 8400
132,2,99th Street
132,5,East Bound: 4200 / West Bound: 7100
133,2,100th St
133,5,East Bound: 5400 / West Bound: 5600
134,8,(41.713772
134,2,100th St
134,5,East Bound: 7300 / West Bound: 5500
134,7,-87.54362
135,4,5000
136,1,10129 South
136,4,4200
137,5,North Bound: 10100 / South Bound: 10200
138,4,5300
139,4,2500
142,2,63rd Street
142,5,East Bound: 8700 / West Bound: 9300
143,2,63rd Street
143,5,East Bound: 5600 / West Bound: 5200
144,1,519 West
144,2,63rd St
144,4,8000
144,5,East Bound: 3900 / West Bound: 4100
145,1,120 East
145,2,63rd St
145,5,East Bound: 7800 / West Bound: 4600
146,1,642 East
146,2,67th St
146,5,East Bound: 6100 / West Bound: 6500
147,2,67th St
147,4,9200
147,5,East Bound: 4500 / West Bound: 4700
148,2,67th St
148,5,East Bound: 4700 / West Bound: 5600
149,1,175 West
149,2,75th Street
150,1,46 East
150,2,75th St
150,5,East Bound: 5900 / West Bound: 5800
151,1,504 East
151,2,75th St
151,5,East Bound: 8500 / West Bound: 7600
152,2,75th St
152,5,East Bound: 6300 / West Bound: 6800
153,2,76th Street
153,4,8000
153,5,East Bound: 3700 / West Bound: 4300
154,1,718 West
154,2,76th Street
154,5,East Bound: 7800 / West Bound: 7600
155,1,320 East
155,2,76th St
155,4,8600
155,5,East Bound: 3800 / West Bound: 4800
156,1,448 East
156,2,76th St
156,4,9300
156,5,East Bound: 4300 / West Bound: 5000
157,2,76th St
157,4,8600
157,5,East Bound: 4300 / West Bound: 4300
158,2,79th Street
159,2,79th Street
159,5,East Bound: 9500 / West Bound: 7800
160,2,79th Street
160,5,East Bound: 9500 / West Bound: 8100
161,1,540 West
161,2,79th Street
162,8,(41.75097
162,1,20 East
162,2,79th St
162,6,41.75097
163,1,65 East
163,2,79th St
163,5,East Bound: 9400 / West Bound: 8200
164,8,(41.75131
164,1,850 East
164,2,79th St
164,5,East Bound: 7300 / West Bound: 9000
164,6,41.75131
165,2,79th St
165,5,East Bound: 5100 / West Bound: 6300
166,8,(41.74303
166,2,83rd Street
166,5,East Bound: 6100 / West Bound: 6000
166,6,41.74303
167,2,83rdStreet
167,5,East Bound: 7800 / West Bound: 7300
168,1,10 East
168,2,83rd St
168,5,East Bound: 9100 / West Bound: 9300
169,1,505 East
169,2,83rd Street
169,5,East Bound: 8200 / West Bound: 9800
170,2,83rd Street
170,5,East Bound: 7800 / West Bound: 7800
171,2,83rd Street
171,4,9000
171,5,East Bound: 5300 / West Bound: 3700
172,2,83rd Street
172,4,8300
172,5,East Bound: 4200 / West Bound: 4100
173,2,83rd St
173,4,7300
173,5,East Bound: 3800 / West Bound: 3500
174,2,87th Street
175,2,87th Street
176,8,(41.73606
176,1,817 East
176,2,87th Street
176,6,41.73606
177,8,(41.73604
177,1,551 West
177,2,87th Street
177,6,41.73604
178,8,(41.736013
178,1,282 West
178,2,87th Street
178,5,East Bound: 7900 / West Bound: 7900
178,7,-87.63131
179,1,71 East
179,2,87th Street
180,1,920 East
180,2,87th Street
180,5,East Bound: 9600 / West Bound: 9800
181,2,87th Street
181,5,East Bound: 6700 / West Bound: 7400
182,2,87th Street
182,4,8800
182,5,East Bound: 4300 / West Bound: 4500
183,2,95th Street
184,2,95th Street
185,2,95th Street
186,1,948 West
186,2,95th Street
187,1,305 West
187,2,95th Street
188,1,202 West
188,2,95th Street
189,1,206 East
189,2,95th Street
190,2,95th Street
191,2,95th Street
192,2,95th Street
192,5,East Bound: 8600 / West Bound: 8200
193,8,(41.706991
193,1,537 West
193,2,103rd Street
193,7,-87.63698
194,1,112 West
194,2,103rd Street
195,8,(41.70726
195,1,235 East
195,2,103rd St
195,6,41.70726
196,1,907 East
196,2,103rd St
197,8,(41.764998
197,7,-87.60436
200,1,226 East
201,1,120 West
202,4,4200
203,4,5300
204,8,(41.80202
204,4,2000
204,6,41.80202
205,8,(41.790122
205,4,3500
205,7,-87.65963
206,4,5500
207,8,(41.77126
207,4,5900
207,6,41.77126
208,4,6600
209,4,5500
210,8,(41.86852
210,6,41.86852
211,4,5400
212,4,2600
213,4,6700
214,4,7700
216,8,(41.772
216,6,41.772
217,8,(41.76448
217,6,41.76448
217,7,-87.6541
220,2,18th Street
220,4,6700
220,5,East Bound: 3200 / West Bound: 3500
221,1,223 West
221,2,18th Street
221,4,8500
221,5,East Bound: 4300 / West Bound: 4200
221,6,41.85774
221,8,(41.85774
222,1,68 West
222,2,18th St
222,4,8100
222,5,East Bound: 3900 / West Bound: 4200
223,1,118 West
223,2,18th St
223,4,3800
223,5,East Bound: 1900 / West Bound: 1900
223,6,41.85789
223,8,(41.85789
224,1,943 West
224,2,31st St
224,5,East Bound: 4800 / West Bound: 5200
225,8,(41.837927
225,2,31st St
225,4,8200
225,5,East Bound: 4100 / West Bound: 4100
225,7,-87.655
226,1,315 West
226,2,31st St
226,5,East Bound: 8100 / West Bound: 8000
227,1,20 West
227,2,31st St
227,5,East Bound: 6900 / West Bound: 7500
228,1,217 East
228,2,31st St
228,5,East Bound: 6000 / West Bound: 8000
229,2,35th St
229,5,East Bound: 5300 / West Bound: 4900
230,8,(41.830382
230,2,35th St
230,5,East Bound: 7800 / West Bound: 7400
230,7,-87.67602
231,2,35th St
231,5,East Bound: 9100 / West Bound: 7900
232,1,507 West
232,2,35th St
232,5,East Bound: 6500 / West Bound: 9400
233,1,256 East
233,2,35th St
233,5,East Bound: 4800 / West Bound: 5400
234,1,521 East
234,2,35th St
234,4,9600
234,5,East Bound: 4000 / West Bound: 5600
235,2,43rd St
235,4,6100
235,5,East Bound: 3200 / West Bound: 2900
236,2,43rd St
236,4,4800
236,5,East Bound: 2800 / West Bound: 2000
237,1,506 West
237,2,43rd St
237,4,6800
237,5,East Bound: 2700 / West Bound: 4100
238,1,450 East
238,2,43rd St
238,4,8900
238,5,East Bound: 4500 / West Bound: 4400
239,2,47th St
239,5,East Bound: 9100 / West Bound: 9000
240,2,47th St
240,5,East Bound: 7800 / West Bound: 8200
241,1,20 West
241,2,47th St
241,5,East Bound: 6200 / West Bound: 9100
242,1,410 East
242,2,47th St
242,5,East Bound: 7100 / West Bound: 7600
243,2,47th St
243,5,East Bound: 8800 / West Bound: 8400
244,2,51st Street
244,4,9600
244,5,East Bound: 4400 / West Bound: 5200
245,1,929 West
245,2,51st Street
245,4,8900
245,5,East Bound: 4300 / West Bound: 4600
246,1,715 West
246,2,51st St
246,4,8500
246,5,East Bound: 4000 / West Bound: 4500
246,7,-87.6436
246,8,(41.801616
247,1,40 West
247,2,51st St
247,4,9400
247,5,East Bound: 4000 / West Bound: 5400
247,7,-87.62744
247,8,(41.801921
248,1,329 East
248,2,51st St
248,4,8800
248,5,East Bound: 4000 / West Bound: 4800
249,1,718 East
249,2,51st St
249,4,9100
249,5,East Bound: 4200 / West Bound: 4900
249,6,41.80222
249,8,(41.80222
250,1,944 West
250,2,55th Street
251,8,(41.794804
251,1,410 East
251,2,55th St
251,7,-87.61571
252,8,(41.795109
252,2,55th St
252,5,East Bound: 6500 / West Bound: 9200
252,7,-87.59326
253,2,59th Street
253,5,East Bound: 6600 / West Bound: 6800
254,8,(41.78671
254,2,59th Street
254,5,East Bound: 5900 / West Bound: 5800
254,6,41.78671
254,7,-87.66752
255,8,(41.78691
255,2,59th St
255,5,East Bound: 8200 / West Bound: 8100
255,6,41.78691
256,1,609 West
256,2,59th St
256,5,East Bound: 6900 / West Bound: 7800
257,1,124 West
257,2,59th Street
257,4,8900
257,5,East Bound: 4100 / West Bound: 4800
258,1,261 East
258,2,59th St
258,4,6500
258,5,East Bound: 3400 / West Bound: 3100
258,6,41.78747
258,8,(41.78747
259,2,Blue Island Ave
260,2,Blue Island Ave
261,2,Blue Island Ave
261,4,5200
262,5,East Bound: 7500 / West Bound: 6200
263,5,East Bound: 5300 / West Bound: 6200
264,5,East Bound: 9000 / West Bound: 8300
265,1,234 West
266,1,415 West
266,5,East Bound: 5200 / West Bound: 7100
267,1,20 West
268,1,67 East
268,5,East Bound: 7500 / West Bound: 7200
269,1,120 East
269,5,East Bound: 6300 / West Bound: 9500
270,2,Hyde Park Blvd
270,4,9700
270,5,East Bound: 5000 / West Bound: 4700
271,2,Hyde Park Blvd
271,4,7400
272,5,East Bound: 7300 / West Bound: 7600
273,5,East Bound: 7700 / West Bound: 7600
274,1,660 West
275,1,205 East
275,5,East Bound: 7500 / West Bound: 9300
276,8,(41.774978
276,1,840 East
276,5,East Bound: 7400 / West Bound: 6800
276,7,-87.6042
277,8,(41.828474
277,4,5300
277,7,-87.65091
278,4,4200
279,4,3600
281,1,340 West
281,5,East Bound: 7800 / West Bound: 7600
282,1,268 East
282,4,7200
282,5,East Bound: 3400 / West Bound: 3800
283,1,750 East
283,4,9800
283,5,East Bound: 4600 / West Bound: 5200
284,8,(41.86686
284,6,41.86686
285,1,813 West
286,1,412 West
287,1,52 East
287,2,Roosevelt RD
288,1,125 East
288,2,24th St
288,4,700
288,5,East Bound: 400 / West Bound: 300
289,1,575 West
289,2,26TH  ST
289,4,6900
289,5,East Bound: 2500 / West Bound: 4400
290,1,140 East
290,2,26th St
290,4,7800
290,5,East Bound: 3700 / West Bound: 4100
290,6,41.84566
290,8,(41.84566
291,2,56th St
291,5,East Bound: 6500 / West Bound: 7100
292,2,57th St
293,1,771 East
293,2,60th St
293,4,2900
293,5,East Bound: 1600 / West Bound: 1300
294,2,74th St
294,5,East Bound: 4900 / West Bound: 5200
295,2,83rd Pl
295,4,1300
295,5,East Bound: 500 / West Bound: 800
296,2,85th St
296,5,East Bound: 6700 / West Bound: 5600
297,1,77 East
297,5,East Bound: 4200 / West Bound: 6300
298,1,271 East
298,5,East Bound: 4500 / West Bound: 7900
299,1,530 East
299,2,Best Dr
299,4,5600
299,5,East Bound: 2600 / West Bound: 3000
300,5,North Bound: 19000 / South Bound: 18900
301,4,6600
302,2,Midway Plaisance
302,5,East Bound: 7600 / West Bound: 5800
303,1,520 East
304,1,650 East
304,5,East Bound: 9200 / West Bound: 7100
305,4,2300
306,8,(41.87389
306,4,5300
306,5,East Bound: 2400 / West Bound: 2900
306,6,41.87389
307,4,7900
307,5,East Bound: 3500 / West Bound: 4400
308,5,East Bound: 4800 / West Bound: 5800
309,4,8800
309,5,East Bound: 4400 / West Bound: 4400
310,8,(41.87436
310,5,East Bound: 6700 / West Bound: 8300
310,6,41.87436
311,1,15 East
311,2,Harrison ST
311,4,5900
311,5,East Bound: 2500 / West Bound: 3400
311,6,41.87438
311,8,(41.87438
312,1,754 West
312,5,East Bound: 5600 / West Bound: 5400
313,8,(41.866652
313,4,4800
313,7,-87.64217
314,4,6400
314,5,North Bound: 6400 / / Oneway North Bound
315,2,Midway Plaisance
315,5,East Bound: 9200 / West Bound: 7500
316,1,830 East
316,4,4900
316,5,East Bound: 3300 / West Bound: 1600
317,1,188 West
317,2,Polk St
317,4,8900
317,5,East Bound: 5100 / West Bound: 3800
320,8,(41.74028
320,6,41.74028
320,7,-87.54538
321,4,2400
323,4,7300
325,5,North Bound: 19600 / South Bound: 18200
326,5,North Bound: 23100 / South Bound: 19900
327,8,(41.873925
327,4,7800
327,5,North Bound: 7800 / / Oneway North Bound 
327,7,-87.62919
328,2,Des Plaines St
328,4,6300
329,1,11043 South
329,4,6700
330,4,1200
332,4,1800
333,4,8200
334,2,St Lawrence Ave
334,4,5000
335,4,6200
336,2,Van Vlissingen Rd
336,4,6800
337,8,(41.873661
337,4,9100
337,7,-87.62598
338,8,(41.86832
338,6,41.86832
339,4,4200
340,8,(41.801676
340,4,8100
340,7,-87.59669
344,2,Pope John Paul II
344,4,7000
344,5,West Bound: 7000/ Oneway West Bound
345,1,742 West
345,2,Root St
345,4,3200
345,5,East Bound: 1400 / West Bound: 1800
346,4,7200
347,4,5500
348,4,3000
349,4,165200
349,5,North Bound: 86200 / South Bound: 79000
350,4,111600
350,5,North Bound: 52400 / South Bound: 59200
351,8,(41.706839
351,1,10344 South
351,5,North Bound: 11200 / South Bound: 10400
351,7,-87.55965
352,1,10250 South
352,4,6800
353,8,(41.70242
353,1,10535 South
353,4,8300
353,6,41.70242
354,1,10452 South
354,5,North Bound: 11300 / South Bound: 10700
355,1,11335 South
356,1,11201 South
356,2,Cottage Grove Ave
356,4,6700
357,1,11750 South
357,4,7800
358,1,11600 South
358,5,North Bound: 16100 / South Bound: 14200
359,1,11867 South
359,4,7000
360,8,(41.66836
360,1,12423 South
360,4,8900
360,6,41.66836
361,1,12007 South
361,4,6300
362,1,12054 South
362,4,3100
363,1,13027 South
363,4,4400
364,8,(41.659854
364,1,12940 South
364,7,-87.55928
365,1,13200 South
368,5,North Bound: 16800 / South Bound: 14900
369,2,Des Plaines St
369,4,8800
370,5,North Bound: 17100 / South Bound: 17300
371,5,East Bound: 6000 / West Bound: 6300
372,5,East Bound: 5900 / West Bound: 6600
373,5,North Bound: 18800 / South Bound: 21100
374,5,East Bound: 8100 / West Bound: 8600
375,2,55th St
376,2,Lake St
376,4,9700
376,5,East Bound: 5400 / West Bound: 4300
378,8,(41.90128
378,5,North Bound: 18700 / South Bound: 19100
378,6,41.90128
380,5,North Bound: 10700 / South Bound: 12000
381,8,(41.877113
381,4,9800
381,5,East Bound: 4100 / West Bound: 5700
381,7,-87.77081
382,5,East Bound: 4600 / West Bound: 6200
383,2,Lake St
383,4,7100
383,5,East Bound: 3600 / West Bound: 3500
384,5,East Bound: 6400 / West Bound: 5800
386,8,(41.931174
386,7,-87.77358
388,2,106th St
388,5,East Bound: 9900 / West Bound: 6600
389,8,(41.65732
389,1,13101 South
389,6,41.65732
390,8,(41.651861
390,2,134th St
390,4,4700
390,5,East Bound: 2500 / West Bound: 2200
390,7,-87.54501
391,8,(41.93269
391,6,41.93269
392,8,(41.9477
392,1,618 West
392,5,East Bound: 6100 / West Bound: 5500
392,6,41.9477
394,8,(41.97914
394,6,41.97914
395,2,26th St
396,2,51st St
397,2,47th St
398,5,East Bound: 7600 / West Bound: 6600
400,8,(41.81567
400,2,43rd St
400,4,4200
400,6,41.81567
401,5,East Bound: 6500 / West Bound: 5800
402,2,16th St
402,4,9500
402,5,East Bound: 4400 / West Bound: 5100
403,8,(41.95327
403,2,Irving Park Rd
403,6,41.95327
406,5,East Bound: 5800 / West Bound: 6000
407,5,East Bound: 7800 / West Bound: 7800
408,2,Wrightwood Ave
408,5,East Bound: 4900 / West Bound: 5700
409,8,(41.9753
409,6,41.9753
413,5,East Bound: 6300 / West Bound: 6400
415,4,6500
415,5,East Bound: 3600 / West Bound: 2900
416,1,54 West
417,1,51 West
418,8,(42.00544
418,4,7100
418,5,East Bound: 3900 / West Bound: 3200
418,6,42.00544
419,1,105 West
420,1,711 East
420,2,111th St
420,5,East Bound: 7500 / West Bound: 9000
423,8,(41.895971
423,5,East Bound: 9000 / West Bound: 8400
423,7,-87.67335
424,8,(41.87691
424,1,25 West
424,4,7400
424,6,41.87691
425,1,19 West
425,5,East Bound: 10100 / / Oneway East Bound 
426,1,15 West
427,1,30 East
427,5,East Bound: 13000 / / Oneway East Bound 
428,1,15 West
429,1,10 West
429,2,Lake St
429,5,East Bound: 13700 / / Oneway East Bound
430,1,27 West
430,5,East Bound: 14300 / / Oneway East Bound 
431,1,24 West
432,2,California Ave
433,2,112th St
433,4,7700
433,5,East Bound: 4600 / West Bound: 3100
434,2,111th St
435,1,738 West
435,2,107th St
435,5,East Bound: 5100 / West Bound: 5800
436,2,79th St
437,5,East Bound: 8300 / West Bound: 9700
438,2,63rd St
440,2,55th St
441,2,47th St
442,2,47th St
443,2,35th St
443,5,East Bound: 4800 / West Bound: 6800
444,2,16th St
444,4,2900
444,5,East Bound: 1500 / West Bound: 1400
445,2,Lake St
445,5,East Bound: 6600 / West Bound: 9500
446,5,East Bound: 6600 / West Bound: 5300
447,1,500 West
447,5,East Bound: 8600 / West Bound: 9900
449,5,East Bound: 5400 / West Bound: 5700
452,5,East Bound: 7200 / West Bound: 7300
453,8,(41.990343
453,7,-87.71242
457,5,East Bound: 6600 / West Bound: 6700
458,4,4900
458,5,East Bound: 3300 / West Bound: 1600
459,4,5500
459,5,East Bound: 5500 / / Oneway East Bound 
460,4,6600
460,5,East Bound: 6600 / / Oneway East Bound 
461,1,350 East
461,5,East Bound: 8900 / West Bound: 8700
462,8,(41.87878
462,4,3500
462,6,41.87878
463,4,3400
463,5,East Bound: 1700 / West Bound: 1700
464,8,(41.88074
464,5,East Bound: 9600 / West Bound: 9700
464,6,41.88074
465,2,Lake St
465,4,9400
465,5,East Bound: 3700 / West Bound: 5700
466,2,Lake St
466,4,5700
466,5,East Bound: 3000 / West Bound: 2700
467,1,10 East
467,5,East Bound: 12700 / / Oneway East Bound 
468,4,6500
469,8,(41.881177
469,5,East Bound: 5100 / West Bound: 8100
469,7,-87.6854
470,2,Lake St
470,4,6900
470,5,East Bound: 3400 / West Bound: 3500
471,4,3900
471,5,East Bound: 1700 / West Bound: 2200
472,5,East Bound: 9700 / West Bound: 9900
473,1,777 West
474,5,East Bound: 8100 / West Bound: 9000
475,5,East Bound: 8000 / West Bound: 8900
476,8,(41.90103
476,5,East Bound: 7900 / West Bound: 7800
476,6,41.90103
477,5,East Bound: 8100 / West Bound: 8500
478,8,(41.903211
478,7,-87.67591
479,8,(41.899743
479,5,East Bound: 6200 / West Bound: 6600
479,7,-87.66515
480,8,(41.89675
480,1,161 East
480,5,East Bound: 9700 / West Bound: 8400
480,6,41.89675
481,1,303 East
481,5,East Bound: 6800 / West Bound: 5100
482,1,206 West
483,5,North Bound: 13700 / South Bound: 11300
484,8,(41.923102
484,5,East Bound: 7500 / West Bound: 7300
484,7,-87.7871
485,4,9700
485,5,East Bound: 4200 / West Bound: 5500
486,8,(41.92398
486,6,41.92398
487,1,740 West
487,5,East Bound: 7200 / West Bound: 5700
488,1,662 West
489,1,624 West
490,1,250 West
490,2,127th St
491,1,446 West
491,2,119th St
491,5,East Bound: 6000 / West Bound: 5500
491,6,41.6779
491,7,-87.63412
491,8,(41.6779
492,2,31st St
493,5,East Bound: 7600 / West Bound: 9900
494,5,North Bound: 11500 / / Oneway North Bound 
495,5,North Bound: 16200 / South Bound: 17400
496,5,East Bound: 5100 / West Bound: 5400
497,2,31st St
498,5,North Bound: 19400 / South Bound: 21300
499,4,7700
500,2,Des Plaines St
500,4,6300
503,8,(41.87909
503,5,South Bound: 11600/ Oneway South Bound 
503,6,41.87909
504,5,South Bound: 16500/ Oneway South Bound 
505,5,North Bound: 17900 / / Oneway North Bound 
508,1,603 West
508,5,East Bound: 13800 / / Oneway East Bound 
509,2,63rd St
510,2,59th St
512,4,7800
512,5,East Bound: 4300 / West Bound: 3500
513,8,(41.837394
513,2,31st St
513,5,East Bound: 8800 / West Bound: 8900
513,7,-87.696
514,4,5900
515,4,8200
515,5,West Bound: 8200/ Oneway West Bound
516,2,Wrightwood Ave
516,5,East Bound: 4500 / West Bound: 5500
518,2,103rd St
519,1,650 West
519,5,East Bound: 19000 / / Oneway East Bound 
521,5,East Bound: 7600 / West Bound: 3900
522,2,31st St
525,5,East Bound: 9700 / West Bound: 9000
528,1,155 West
529,5,North Bound: 13900 / South Bound: 13700
530,5,North Bound: 16900 / South Bound: 21400
532,2,California Ave
534,8,(41.69184
534,2,111th St
534,6,41.69184
535,5,North Bound: 16800 / South Bound: 16900
536,5,North Bound: 12100 / South Bound: 12100
537,1,49 South
537,4,9100
537,5,North Bound: 9100 / / Oneway North Bound
538,1,909 West
539,1,158 East
539,2,107th St
539,4,8000
539,5,East Bound: 3600 / West Bound: 4400
539,6,41.69994
539,8,(41.69994
540,1,350 East
540,2,111th St
540,5,East Bound: 5600 / West Bound: 6600
542,8,(41.98293
542,4,8900
542,5,East Bound: 3800 / West Bound: 5100
542,6,41.98293
542,7,-87.77077
543,1,11810 South
543,5,North Bound: 11300 / South Bound: 12300
544,1,11027 South
544,5,North Bound: 15900 / South Bound: 17000
545,8,(41.68508
545,1,11450 South
545,6,41.68508
547,2,Cottage Grove Ave
547,5,North Bound: 12600 / South Bound: 11800
548,4,9700
549,5,North Bound: 10600 / South Bound: 10700
550,5,North Bound: 22700 / South Bound: 23900
551,8,(41.75174
551,2,Cottage Grove Ave
551,5,North Bound: 13700 / South Bound: 13600
551,6,41.75174
553,5,North Bound: 13800 / South Bound: 12200
554,8,(41.779921
554,5,North Bound: 30400 / South Bound: 29500
554,7,-87.74234
555,5,North Bound: 27500 / South Bound: 24800
556,5,North Bound: 13100 / South Bound: 11100
557,5,North Bound: 18300 / South Bound: 17700
558,5,North Bound: 14200 / South Bound: 13200
559,5,North Bound: 37700 / South Bound: 33500
560,5,North Bound: 12500 / South Bound: 11800
561,2,California Ave
563,5,North Bound: 16400 / South Bound: 16900
564,5,North Bound: 14600 / South Bound: 14600
565,8,(41.80897
565,2,California Ave
565,5,North Bound: 10600 / South Bound: 10200
565,6,41.80897
566,8,(41.82387
566,5,North Bound: 12200 / South Bound: 13600
566,6,41.82387
567,4,9600
568,5,North Bound: 12500 / South Bound: 12900
569,2,California Ave
569,5,North Bound: 11800 / South Bound: 11600
570,4,3200
572,2,California Ave
573,5,North Bound: 12800 / South Bound: 11900
575,5,North Bound: 11600 / South Bound: 10100
576,2,Sacramento Ave
577,8,(41.914325
577,7,-87.71182
578,5,North Bound: 10900 / South Bound: 14500
580,1,857 West
580,5,North Bound: 11900 / South Bound: 12900
581,5,North Bound: 14100 / South Bound: 16600
584,8,(41.911129
584,7,-87.72637
585,8,(41.91094
585,6,41.91094
586,2,Narragansett Ave
587,8,(41.923557
587,7,-87.80624
588,8,(41.92573
588,6,41.92573
589,2,Sacramento Ave
590,5,North Bound: 19800 / South Bound: 20400
591,2,Lake Shore Inner Dr
591,4,4700
594,4,8600
595,5,North Bound: 19300 / South Bound: 18100
596,8,(41.93822
596,6,41.93822
598,2,Central Park Ave
598,4,9000
599,5,North Bound: 11400 / South Bound: 12500
600,4,7600
601,8,(41.9329
601,5,North Bound: 22100 / South Bound: 21900
601,6,41.9329
602,5,East Bound: 7900 / West Bound: 7600
603,2,Cumberland Ave
603,5,North Bound: 19200 / South Bound: 18500
604,2,Cumberland Ave
604,5,North Bound: 19100 / South Bound: 20300
605,8,(41.939539
605,5,North Bound: 15200 / South Bound: 13700
605,7,-87.8068
606,8,(41.94619
606,2,Forest Preserve Ave
606,5,East Bound: 7500 / West Bound: 8500
606,6,41.94619
608,5,North Bound: 12300 / South Bound: 11500
609,8,(41.946687
609,7,-87.75694
610,5,North Bound: 20900 / South Bound: 19700
611,5,North Bound: 20700 / South Bound: 17800
614,8,(41.940326
614,7,-87.69968
615,2,California Ave
616,2,Western Ave (over pass)
616,5,North Bound: 15700 / South Bound: 16400
618,4,9500
619,5,North Bound: 11700 / South Bound: 10400
620,2,Lake Shore Inner Dr
623,8,(41.94979
623,6,41.94979
624,5,North Bound: 15400 / South Bound: 16700
625,8,(41.954774
625,2,Narragansett Ave
625,5,North Bound: 12600 / South Bound: 14200
625,7,-87.78662
626,5,North Bound: 15800 / South Bound: 15700
630,5,North Bound: 15700 / South Bound: 17700
631,4,4700
632,4,7500
633,5,North Bound: 13800 / South Bound: 13500
634,8,(41.96815
634,5,North Bound: 11600 / South Bound: 16000
634,6,41.96815
635,5,North Bound: 11300 / South Bound: 11400
636,4,9900
639,5,North Bound: 17000 / South Bound: 17600
640,5,North Bound: 12800 / South Bound: 12200
641,5,North Bound: 10900 / South Bound: 15000
642,5,North Bound: 15900 / South Bound: 18700
643,4,7600
644,8,(42.017888
644,7,-87.67569
645,5,North Bound: 18100 / South Bound: 17500
648,5,North Bound: 15400 / South Bound: 16400
650,5,South Bound: 10900/ Oneway South Bound 
651,5,North Bound: 22400 / South Bound: 16600
652,5,North Bound: 13900 / South Bound: 16200
654,5,North Bound: 12000 / South Bound: 12800
655,8,(41.886115
655,2,Central Park Ave
655,4,8800
655,7,-87.71603
656,8,(41.88602
656,6,41.88602
658,5,North Bound: 16800 / South Bound: 17600
661,8,(41.892395
661,7,-87.64944
662,4,7400
663,5,North Bound: 11200 / South Bound: 11900
664,4,8900
665,5,North Bound: 19400 / South Bound: 18700
667,5,South Bound: 16500/ Oneway South Bound 
669,4,5700
670,1,11021 South
670,4,2000
670,5,North Bound: 2000 / / Oneway North Bound
672,5,East Bound: 6400 / West Bound: 5900
674,8,(41.9237
674,6,41.9237
677,2,Irving Park Rd
681,8,(41.90909
681,6,41.90909
682,4,5900
683,8,(41.88422
683,4,6000
683,5,West Bound: 6000/ Oneway West Bound
683,6,41.88422
684,5,North Bound: 10500 / South Bound: 12600
685,8,(41.893609
685,5,North Bound: 21100 / South Bound: 17900
685,7,-87.63265
686,5,North Bound: 16400 / / Oneway North Bound 
687,8,(41.89363
687,5,South Bound: 21200/ Oneway South Bound 
687,6,41.89363
688,8,(41.89337
688,4,9400
688,6,41.89337
690,2,26th St
690,4,8400
690,5,East Bound: 4500 / West Bound: 3900
691,5,East Bound: 9200 / West Bound: 8500
692,5,North Bound: 12300 / South Bound: 10500
693,8,(41.88535
693,4,8200
693,6,41.88535
694,5,North Bound: 14100 / / Oneway North Bound 
695,5,South Bound: 14500/ Oneway South Bound 
696,5,South Bound: 10600/ Oneway South Bound 
697,5,North Bound: 16800 / / Oneway North Bound
698,8,(41.8848
698,4,8300
698,5,North Bound: 8300 / / Oneway North Bound
698,6,41.8848
699,2,Des Plaines St
699,4,7300
700,2,95Th St
700,5,East Bound: 7200 / West Bound: 7300
701,1,11233 South
702,1,10347 South
702,2,Cottage Grove Ave
703,2,Cottage Grove Ave
704,2,Commercial Ave
705,2,Cottage Grove Ave
706,5,North Bound: 29000 / South Bound: 29100
708,8,(41.778712
708,2,California Ave
708,7,-87.69338
709,5,North Bound: 15400 / South Bound: 14100
710,5,North Bound: 12900 / South Bound: 11100
711,4,5100
712,5,North Bound: 12800 / South Bound: 13800
714,8,(41.92351
714,6,41.92351
715,8,(41.923889
715,2,Sacramento Ave
715,7,-87.70229
716,2,Narragansett Ave
716,5,North Bound: 11100 / South Bound: 12600
717,5,North Bound: 12600 / South Bound: 13900
719,8,(41.938251
719,7,-87.72247
723,5,North Bound: 12100 / South Bound: 13200
724,5,North Bound: 11500 / South Bound: 11200
725,5,North Bound: 12000 / South Bound: 12400
726,4,4800
727,4,8600
728,5,North Bound: 13300 / South Bound: 13500
729,5,North Bound: 11100 / South Bound: 10700
731,2,Central Park Ave
732,5,North Bound: 13300 / South Bound: 10400
735,4,4500
736,8,(41.893745
736,2,Sacramento Ave
736,5,North Bound: 11100 / South Bound: 10300
736,7,-87.70215
737,5,North Bound: 19600 / South Bound: 19800
738,8,(41.90238
738,6,41.90238
738,7,-87.66496
741,5,North Bound: 23900 / South Bound: 21800
742,2,California Ave
742,5,North Bound: 15900 / South Bound: 14900
743,8,(41.96912
743,1,890 West
743,5,East Bound: 7700 / West Bound: 6800
743,6,41.96912
744,1,11159 South
744,4,5400
745,2,Irving Park Rd
746,1,22 West
747,8,(41.90393
747,1,20 West
747,5,East Bound: 9200 / West Bound: 9500
747,6,41.90393
748,1,1 West
749,1,51 East
749,2,119th St
749,4,6900
749,5,East Bound: 3600 / West Bound: 3300
750,1,22 East
750,4,8400
750,5,East Bound: 4300 / West Bound: 4100
751,2,130th St
752,5,South Bound: 13000/ Oneway South Bound 
753,2,California Ave
754,2,107th St
754,4,7900
754,5,East Bound: 4000 / West Bound: 3900
755,2,115th St
755,4,6300
755,5,East Bound: 3000 / West Bound: 3300
756,2,122nd St
756,4,4200
756,5,East Bound: 2200 / West Bound: 2000
757,2,119th St
758,2,115th St
758,5,East Bound: 8100 / West Bound: 7400
759,2,63rd St
759,5,East Bound: 9100 / West Bound: 9100
760,2,59th St
761,5,East Bound: 5800 / West Bound: 5200
762,2,26th St
762,5,East Bound: 7300 / West Bound: 7500
764,5,East Bound: 8400 / West Bound: 8400
765,2,Irving Park Rd
766,2,Irving Park Rd
769,8,(41.97567
769,6,41.97567
770,5,North Bound: 13500 / South Bound: 13600
771,1,45 West
771,2,31st St
771,5,East Bound: 7600 / West Bound: 6500
773,5,East Bound: 9200 / West Bound: 9000
774,5,East Bound: 5500 / West Bound: 5900
775,1,10 East
776,2,California Ave
776,4,5100
777,1,25 North
777,5,North Bound: 18300 / South Bound: 18700
778,1,173 West
778,2,Ohio St
778,5,East Bound: 37700 / / Oneway East Bound 
779,8,(41.6853
779,1,40 West
779,2,115th St
779,5,East Bound: 5700 / West Bound: 6000
779,6,41.6853
781,8,(41.946727
781,7,-87.69064
782,5,East Bound: 9000 / West Bound: 7800
783,2,87th St
784,2,83rd St
784,5,East Bound: 4700 / West Bound: 7500
785,8,(41.961351
785,5,East Bound: 8000 / West Bound: 8400
785,7,-87.68578
786,8,(41.881522
786,5,East Bound: 5300 / West Bound: 7100
786,7,-87.66285
787,8,(41.94592
787,6,41.94592
789,5,North Bound: 10600 / South Bound: 11100
791,8,(41.9588
791,6,41.9588
796,1,10 South
796,5,North Bound: 12100 / / Oneway North Bound
798,5,North Bound: 14000 / South Bound: 13200
800,5,North Bound: 11600 / South Bound: 13400
801,5,North Bound: 12600 / South Bound: 12300
802,5,North Bound: 10200 / South Bound: 10200
803,5,North Bound: 12700 / South Bound: 13200
804,2,Cumberland Ave
804,5,North Bound: 15900 / South Bound: 17100
805,2,Cumberland Ave
805,5,North Bound: 19700 / South Bound: 20900
806,2,Cumberland Ave
806,5,North Bound: 27100 / South Bound: 22300
807,2,Cumberland Ave
807,5,North Bound: 21200 / South Bound: 22700
808,8,(41.996885
808,7,-87.8202
810,5,East Bound: 8600 / West Bound: 8000
813,5,North Bound: 11100 / South Bound: 11400
815,2,Forest Preserve Ave
815,5,East Bound: 4200 / West Bound: 6200
816,2,Forest Preserve Ave
817,5,East Bound: 7400 / West Bound: 6900
818,8,(41.975664
818,5,East Bound: 9100 / West Bound: 8200
818,7,-87.78048
820,8,(41.923882
820,7,-87.77227
822,5,North Bound: 11500 / South Bound: 11700
823,8,(41.94802
823,5,North Bound: 17500 / South Bound: 14600
823,6,41.94802
824,8,(41.91366
824,5,North Bound: 13500 / South Bound: 12500
824,6,41.91366
825,5,North Bound: 15500 / South Bound: 17200
826,5,North Bound: 13100 / South Bound: 13000
827,8,(41.9715
827,5,East Bound: 5500 / West Bound: 4700
827,6,41.9715
828,5,East Bound: 8000 / West Bound: 6100
829,2,Irving Park Rd
830,2,Irving Park Rd
835,5,North Bound: 16600 / South Bound: 15000
837,2,Narragansett Ave
837,5,North Bound: 11000 / South Bound: 13200
838,2,Narragansett Ave
838,5,North Bound: 10100 / South Bound: 14800
839,2,Narragansett Ave
840,2,Narragansett Ave
844,8,(41.8807
844,1,71 South
844,5,North Bound: 11100 / South Bound: 10100
844,6,41.8807
845,5,North Bound: 17100 / South Bound: 17000
846,8,(41.94665
846,6,41.94665
846,7,-87.70393
848,8,(41.917263
848,5,East Bound: 8900 / West Bound: 9100
848,7,-87.71828
850,8,(41.917017
850,5,East Bound: 8400 / West Bound: 8800
850,7,-87.73874
852,8,(41.93923
852,6,41.93923
855,5,East Bound: 8000 / West Bound: 8600
856,2,California Ave
857,2,California Ave
858,2,California Ave
859,2,California Ave
860,2,Central Park Ave
861,5,East Bound: 8800 / West Bound: 9700
862,5,East Bound: 9300 / West Bound: 8400
866,8,(41.924266
866,7,-87.74431
868,2,Irving Park Rd
869,8,(41.953936
869,2,Irving Park Rd
869,7,-87.70545
870,2,Irving Park Rd
872,8,(41.98049
872,6,41.98049
873,8,(41.94751
873,6,41.94751
873,7,-87.71274
874,8,(41.92195
874,6,41.92195
883,8,(41.918169
883,5,North Bound: 10800 / South Bound: 10500
883,7,-87.72659
884,8,(41.94889
884,5,North Bound: 11100 / South Bound: 11600
884,6,41.94889
887,1,901 West
887,5,East Bound: 8500 / West Bound: 7900
888,8,(41.946768
888,7,-87.6857
889,8,(41.91781
889,6,41.91781
890,1,612 West
890,5,East Bound: 7700 / West Bound: 6100
891,8,(41.91812
891,1,935 West
891,5,East Bound: 7100 / West Bound: 6000
891,6,41.91812
892,5,North Bound: 16600 / South Bound: 17200
893,5,North Bound: 13100 / South Bound: 13600
894,5,East Bound: 9800 / West Bound: 9400
896,5,East Bound: 9200 / West Bound: 9500
899,5,North Bound: 13100 / South Bound: 11900
900,5,East Bound: 9900 / West Bound: 7900
901,5,North Bound: 15500 / South Bound: 16600
908,8,(41.97636
908,6,41.97636
911,8,(41.95443
911,2,Irving Park Rd
911,6,41.95443
912,2,Irving Park Rd
913,8,(41.93136
913,4,6800
913,6,41.93136
914,8,(41.968951
914,7,-87.66443
915,5,East Bound: 8200 / West Bound: 7600
918,8,(41.960186
918,7,-87.68299
919,4,6500
921,5,East Bound: 7300 / West Bound: 9500
922,1,929 West
923,4,8900
924,8,(41.927677
924,7,-87.65853
925,5,North Bound: 20600 / South Bound: 22500
926,8,(42.00351
926,5,North Bound: 21100 / South Bound: 20100
926,6,42.00351
927,4,8800
928,8,(41.92249
928,4,8700
928,6,41.92249
929,5,North Bound: 21600 / South Bound: 23700
930,5,North Bound: 19900 / South Bound: 19300
931,0,1000
931,5,North Bound: 17300 / South Bound: 15800
932,0,1001
932,5,North Bound: 20100 / South Bound: 19900
933,0,1002
933,5,North Bound: 22300 / South Bound: 20200
934,0,1003
934,4,8600
934,5,East Bound: 3800 / West Bound: 4800
935,0,1004
935,5,North Bound: 12800 / South Bound: 13300
936,0,1005
936,8,(41.883496
936,5,North Bound: 16400 / South Bound: 15100
936,7,-87.77476
937,0,1006
937,5,North Bound: 10400 / South Bound: 14400
938,0,1007
938,2,Central Park Ave
939,0,1008
939,5,North Bound: 17800 / South Bound: 17400
940,0,1009
940,4,7000
941,0,1010
941,1,220 West
941,5,East Bound: 14600 / / Oneway East Bound 
942,0,1011
942,1,855 West
942,4,9500
943,0,1012
943,5,East Bound: 8300 / West Bound: 8000
944,0,1013
944,8,(41.90718
944,6,41.90718
945,0,1014
945,5,South Bound: 16300/ Oneway South Bound 
946,0,1015
946,1,15 South
946,4,9900
947,0,1017
947,5,North Bound: 18700 / South Bound: 17900
948,0,1018
948,8,(41.893685
948,5,North Bound: 16800 / South Bound: 15600
948,7,-87.68678
949,0,1019
949,5,North Bound: 17400 / South Bound: 16500
950,0,1020
950,2,18th St
950,4,9500
950,5,East Bound: 5000 / West Bound: 4500
951,0,1021
951,2,26th St
951,5,East Bound: 9000 / West Bound: 9400
952,0,1022
952,2,26th St
952,5,East Bound: 8100 / West Bound: 9200
953,0,1023
953,8,(41.8702
953,5,North Bound: 15300 / South Bound: 16100
953,6,41.8702
954,0,1024
954,8,(41.902488
954,5,East Bound: 8700 / West Bound: 8700
954,7,-87.73753
955,0,1025
955,8,(41.90223
955,5,East Bound: 8400 / West Bound: 9800
955,6,41.90223
955,7,-87.75738
956,0,1026
956,8,(41.87346
956,5,North Bound: 11800 / South Bound: 13500
956,6,41.87346
957,0,1027
957,4,6500
957,5,East Bound: 3300 / West Bound: 3200
958,0,1028
959,0,1029
960,0,1031
960,4,5700
961,0,1032
961,2,Lake St
961,5,East Bound: 5600 / West Bound: 5800
962,0,1033
963,0,1034
964,0,1035
964,5,East Bound: 5500 / West Bound: 7900
965,0,1036
966,0,1037
967,0,1038
968,0,1039
969,0,1041
969,1,250 East
969,2,26th St
969,4,8400
969,5,East Bound: 3600 / West Bound: 4800
970,0,1042
970,1,310 West
970,2,31st St
970,5,East Bound: 6900 / West Bound: 7400
971,0,1043
971,1,52 East
971,2,31st St
971,5,East Bound: 6100 / West Bound: 5600
972,0,1044
972,1,452 West
972,2,47th St
973,0,1045
973,1,316 West
973,2,51st St
973,5,East Bound: 8100 / West Bound: 6300
974,0,1046
974,1,335 West
974,2,59th St
974,5,East Bound: 8000 / West Bound: 8800
975,0,1047
975,1,344 West
975,2,63rd St
975,5,East Bound: 5100 / West Bound: 5700
976,0,1048
976,1,253 East
976,2,63rd St
976,5,East Bound: 9400 / West Bound: 8500
976,6,41.78018
976,8,(41.78018
977,0,1049
977,4,3800
978,0,1050
978,1,555 West
979,0,1051
979,1,222 West
980,0,1052
980,4,5100
981,0,1053
982,0,1054
982,8,(41.89604
982,5,North Bound: 15800 / South Bound: 14700
982,6,41.89604
983,0,1055
983,5,North Bound: 18200 / South Bound: 16800
984,0,1056
984,5,North Bound: 19100 / South Bound: 16600
985,0,1057
985,5,East Bound: 5500 / West Bound: 5600
986,0,1058
986,8,(41.899615
986,5,East Bound: 9700 / West Bound: 9200
986,7,-87.67336
987,0,1059
987,4,8500
987,5,East Bound: 4000 / West Bound: 4500
988,0,1060
988,5,North Bound: 10200 / / Oneway North Bound
989,0,1061
989,2,Central Park Ave
989,4,7600
990,0,1062
990,1,64 North
990,2,Central Park Ave
991,0,1063
991,1,303 East
992,0,1065
993,0,1066
994,0,1067
994,5,East Bound: 8900 / West Bound: 9900
995,0,1068
995,5,South Bound: 20700/ Oneway South Bound 
996,0,1069
997,0,1070
997,1,16 South
997,5,South Bound: 15500/ Oneway South Bound 
998,0,1071
998,5,South Bound: 17300/ Oneway South Bound 
999,0,1072
999,5,North Bound: 14300 / South Bound: 11500
1000,0,1074
1000,8,(41.8852
1000,4,6900
1000,6,41.8852
1001,0,1075
1001,8,(41.880534
1001,7,-87.64115
1002,0,1077
1002,8,(41.87138
1002,5,North Bound: 18700 / South Bound: 18300
1002,6,41.87138
1003,0,1078
1003,1,85 West
1004,0,1079
1004,1,40 East
1005,0,1080
1006,0,1081
1006,5,North Bound: 10500 / South Bound: 11000
1007,0,1082
1008,0,1083
1008,1,50 North
1008,6,41.88276
1008,8,(41.88276
1009,0,1084
1009,5,North Bound: 16100 / / Oneway North Bound 
1010,0,1085
1010,1,77 South
1010,5,North Bound: 18500 / / Oneway North Bound 
1011,0,1087
1012,0,1088
1013,0,1089
1013,1,420 West
1014,0,1090
1015,0,1091
1015,4,5000
1015,5,East Bound: 2200 / West Bound: 2800
1016,0,1092
1016,1,315 West
1017,0,1093
1017,8,(41.891001
1017,7,-87.66523
1018,0,1094
1018,1,242 East
1018,8,(41.891791
1018,7,-87.62091
1019,0,1095
1019,5,East Bound: 8700 / West Bound: 8700
1020,0,1096
1020,5,East Bound: 9500 / West Bound: 9300
1021,0,1097
1021,5,East Bound: 9000 / West Bound: 9400
1022,0,1099
1023,0,1100
1023,5,North Bound: 10200 / South Bound: 10200
1024,0,1101
1024,8,(41.884845
1024,7,-87.64745
1025,0,1104
1025,8,(41.892668
1025,7,-87.71135
1026,0,1105
1027,0,1106
1028,0,1107
1028,4,4200
1028,5,North Bound: 4200 / / Oneway North Bound 
1029,0,1108
1029,4,6000
1029,5,East Bound: 2700 / West Bound: 3300
1030,0,1109
1030,5,East Bound: 4300 / West Bound: 5900
1031,0,1110
1031,1,625 West
1031,5,East Bound: 11900 / / Oneway East Bound 
1032,0,1111
1032,1,223 West
1032,5,East Bound: 11300 / / Oneway East Bound 
1033,0,1112
1033,4,8600
1034,0,1113
1035,0,1114
1035,1,901 West
1035,2,Lake St
1035,5,East Bound: 7200 / West Bound: 6900
1036,0,1115
1036,2,Lake St
1036,4,7700
1036,5,East Bound: 4300 / West Bound: 3400
1037,0,1116
1037,5,North Bound: 17700 / South Bound: 14600
1038,0,1117
1038,1,37 South
1039,0,1118
1039,5,East Bound: 6000 / West Bound: 4500
1040,0,1119
1040,8,(41.881657
1040,5,East Bound: 7400 / West Bound: 8400
1040,7,-87.65456
1041,0,1120
1041,1,600 West
1042,0,1121
1043,0,1122
1043,5,North Bound: 12500 / South Bound: 10000
1044,0,1123
1045,0,1124
1045,5,South Bound: 10800/ Oneway South Bound 
1046,0,1125
1046,4,5200
1047,0,1126
1047,5,North Bound: 16400 / South Bound: 16700
1048,0,1127
1048,1,30 South
1048,5,North Bound: 25400 / South Bound: 21100
1049,0,1128
1049,5,North Bound: 21200 / South Bound: 21000
1050,0,1129
1050,8,(41.903687
1050,7,-87.667
1051,0,1130
1052,0,1133
1052,1,57 West
1052,2,Ohio St
1052,5,East Bound: 32800 / / Oneway East Bound 
1053,0,1134
1053,1,230 East
1053,2,Ohio St
1053,5,East Bound: 12300 / / Oneway East Bound 
1054,0,1135
1055,0,1137
1055,5,North Bound: 12400 / South Bound: 11500
1056,0,1138
1056,5,North Bound: 12200 / South Bound: 11600
1057,0,1139
1057,1,34 North
1057,5,North Bound: 12300 / South Bound: 11200
1058,0,1140
1059,0,1141
1059,1,35 South
1060,0,1142
1060,1,225 West
1061,0,1143
1061,1,908 West
1061,4,9300
1061,5,West Bound: 9300/ Oneway West Bound
1062,0,1144
1062,1,615 West
1063,0,1146
1063,8,(41.886224
1063,2,Sacramento Ave
1063,5,North Bound: 10500 / South Bound: 10000
1063,7,-87.70135
1064,0,1147
1064,2,Sacramento Ave
1064,5,North Bound: 11200 / South Bound: 10900
1065,0,1148
1066,0,1149
1067,0,1150
1067,5,North Bound: 11600 / South Bound: 11500
1068,0,1152
1068,8,(41.796139
1068,7,-87.62574
1069,0,1153
1070,0,1154
1071,0,1155
1071,5,North Bound: 20200 / South Bound: 11200
1072,0,1156
1072,1,839 West
1072,5,East Bound: 3000 / West Bound: 7500
1072,6,41.87665
1072,8,(41.87665
1073,0,1158
1073,4,8800
1074,0,1160
1074,1,30 South
1074,4,9200
1074,6,41.88133
1074,8,(41.88133
1075,0,1161
1076,0,1162
1076,1,55 West
1077,0,1163
1077,5,North Bound: 11100 / South Bound: 12700
1078,0,1164
1078,4,6000
1079,0,1165
1079,4,4500
1080,0,1166
1080,2,31st St
1080,5,East Bound: 7000 / West Bound: 7900
1081,0,1167
1081,2,31st St
1081,5,East Bound: 9000 / West Bound: 9800
1082,0,1168
1082,5,North Bound: 20300 / South Bound: 18400
1083,0,1169
1083,2,Blue Island Ave
1084,0,1170
1084,2,Central Park Ave
1084,4,9100
1085,0,1171
1085,2,Central Park Ave
1086,0,1173
1086,5,East Bound: 8900 / West Bound: 9100
1087,0,1174
1088,0,1175
1088,5,North Bound: 10800 / South Bound: 11100
1089,0,1176
1089,8,(41.83815
1089,4,2000
1089,5,North Bound: 2000 / / Oneway North Bound 
1089,6,41.83815
1090,0,1177
1090,5,North Bound: 15300 / South Bound: 17500
1091,0,1178
1092,0,1179
1093,0,1181
1093,8,(41.846235
1093,7,-87.72462
1094,0,1182
1095,0,1183
1095,8,(41.866765
1095,7,-87.67545
1096,0,1184
1096,8,(41.866958
1096,7,-87.659
1097,0,1185
1097,5,North Bound: 22400 / South Bound: 19100
1098,0,1186
1098,2,47th St
1099,0,1187
1099,2,47th St
1100,0,1188
1100,2,51st St
1100,5,East Bound: 6700 / West Bound: 7900
1101,0,1189
1101,8,(41.792767
1101,2,55th St
1101,7,-87.76029
1102,0,1190
1102,2,59th St
1103,0,1191
1103,2,63rd St
1104,0,1192
1104,8,(41.778536
1104,2,63rd St
1104,7,-87.73304
1105,0,1193
1105,2,63rd St
1105,5,East Bound: 9800 / West Bound: 9300
1106,0,1194
1106,8,(41.764348
1106,2,71st St
1106,5,East Bound: 7900 / West Bound: 7700
1106,7,-87.70478
1107,0,1195
1107,2,79th St
1108,0,1196
1108,8,(41.7348
1108,2,87th St
1108,6,41.7348
1109,0,1197
1109,8,(41.793573
1109,7,-87.77629
1110,0,1198
1110,8,(41.792242
1110,7,-87.78702
1111,0,1199
1111,5,North Bound: 15800 / South Bound: 14800
1112,0,1200
1112,5,North Bound: 14200 / South Bound: 16300
1113,0,1201
1113,8,(41.780847
1113,2,California Ave
1113,7,-87.69344
1114,0,1202
1114,2,California Ave
1114,5,North Bound: 11800 / South Bound: 13500
1115,0,1203
1115,5,North Bound: 33600 / South Bound: 33600
1116,0,1204
1116,5,North Bound: 28400 / South Bound: 28400
1117,0,1205
1117,5,North Bound: 28800 / South Bound: 30300
1118,0,1206
1119,0,1207
1119,8,(41.962199
1119,7,-87.73154
1120,0,1208
1120,1,660 West
1121,0,1209
1121,8,(41.783408
1121,5,North Bound: 31900 / South Bound: 31800
1121,7,-87.80116
1122,0,1210
1122,8,(41.80691
1122,5,North Bound: 17400 / South Bound: 17300
1122,6,41.80691
1123,0,1211
1123,5,North Bound: 15100 / South Bound: 15100
1124,0,1212
1124,8,(41.88529
1124,2,Lake St
1124,5,East Bound: 5700 / West Bound: 7400
1124,6,41.88529
1125,0,1213
1125,1,233 West
1125,2,Lake St
1125,5,East Bound: 13200 / / Oneway East Bound
1125,7,-87.63502
1125,8,(41.885733
1126,0,1214
1126,5,East Bound: 8800 / West Bound: 8800
1127,0,1215
1128,0,1216
1128,2,Narragansett Ave
1129,0,1217
1129,1,230 East
1130,0,1218
1130,5,North Bound: 30700 / South Bound: 26000
1131,0,1219
1131,8,(41.797723
1131,5,North Bound: 33300 / South Bound: 27100
1131,7,-87.72329
1132,0,1220
1132,8,(41.73879
1132,5,North Bound: 16500 / South Bound: 17300
1132,6,41.73879
1133,0,1221
1133,5,North Bound: 15600 / South Bound: 16600
1134,0,1222
1134,1,469 West
1134,2,26th St
1134,4,9300
1134,5,East Bound: 4500 / West Bound: 4800
1134,7,-87.6394
1134,8,(41.845422
1135,0,1223
1135,2,31st St
1135,4,8600
1135,5,East Bound: 5500 / West Bound: 3100
1136,0,1224
1136,2,35th St
1136,5,East Bound: 4800 / West Bound: 5900
1137,0,1225
1137,2,63rd St
1137,5,East Bound: 5800 / West Bound: 5500
1138,0,1226
1138,1,222 West
1138,2,75th St
1139,0,1227
1139,2,79th St
1140,0,1228
1140,2,83rd St
1140,5,East Bound: 7400 / West Bound: 6500
1141,0,1229
1141,1,204 West
1141,2,83rd St
1142,0,1230
1142,5,East Bound: 9400 / West Bound: 9800
1143,0,1231
1143,5,North Bound: 21100 / South Bound: 18300
1144,0,1232
1144,5,North Bound: 17900 / South Bound: 17600
1145,0,1233
1145,8,(41.7445
1145,5,North Bound: 18200 / South Bound: 16100
1145,6,41.7445
1146,0,1234
1146,5,North Bound: 10200 / South Bound: 10100
1147,0,1235
1147,8,(41.83206
1147,5,North Bound: 12200 / South Bound: 15400
1147,6,41.83206
1148,0,1236
1149,0,1237
1149,8,(41.741618
1149,5,North Bound: 15100 / South Bound: 13900
1149,7,-87.64378
1150,0,1238
1150,4,6000
1151,0,1239
1151,5,East Bound: 7400 / West Bound: 8000
1152,0,1240
1152,8,(41.828474
1152,4,6900
1152,7,-87.65091
1153,0,1241
1153,4,4500
1154,0,1242
1155,0,1243
1155,4,9000
1156,0,1244
1157,0,1245
1157,8,(41.859764
1157,7,-87.65648
1158,0,1248
1158,8,(41.78592
1158,5,North Bound: 24800 / South Bound: 17100
1158,6,41.78592
1159,0,1250
1159,1,440 East
1159,2,31st St
1159,5,East Bound: 8200 / West Bound: 8400
1160,0,1251
1160,1,505 East
1160,5,East Bound: 6000 / West Bound: 6400
1160,6,41.82387
1160,8,(41.82387
1161,0,1252
1161,1,723 East
1161,2,43rd St
1161,4,7600
1161,5,East Bound: 3900 / West Bound: 3700
1162,0,1253
1162,1,428 East
1162,2,47th St
1162,5,East Bound: 7100 / West Bound: 7100
1163,0,1254
1163,2,51st St
1163,4,4400
1163,5,East Bound: 1000 / West Bound: 3400
1164,0,1255
1164,2,71st St
1164,4,9900
1164,5,East Bound: 4700 / West Bound: 5200
1164,7,-87.58112
1164,8,(41.766026
1165,0,1256
1165,2,79th St
1165,4,8600
1165,5,East Bound: 3800 / West Bound: 4800
1166,0,1257
1166,8,(41.739248
1166,7,-87.54536
1167,0,1258
1167,2,Commercial Ave
1168,0,1259
1168,2,Cottage Grove Ave
1169,0,1260
1169,2,Cottage Grove Ave
1169,5,North Bound: 14200 / South Bound: 10800
1170,0,1261
1170,8,(41.774091
1170,5,North Bound: 14600 / South Bound: 14600
1170,7,-87.57604
1171,0,1262
1171,5,North Bound: 13100 / South Bound: 12800
1172,0,1263
1173,0,1264
1173,2,Dr Martin Luther King Jr Dr
1174,0,1265
1174,2,Dr Martin Luther King Jr Dr
1175,0,1266
1175,5,North Bound: 10500 / South Bound: 11100
1176,0,1267
1176,8,(41.78652
1176,2,Midway Plaissance
1176,5,East Bound: 7900 / West Bound: 6500
1176,6,41.78652
1177,0,1272
1177,2,Stony Island Ave
1178,0,1273
1178,2,87th St
1179,0,1274
1180,0,1275
1180,5,North Bound: 10800 / South Bound: 11100
1181,0,1276
1182,0,1277
1183,0,1278
1183,5,North Bound: 11900 / South Bound: 12600
1184,0,1279
1184,1,121 West
1184,2,107th St
1184,4,9100
1184,5,East Bound: 4600 / West Bound: 4500
1185,0,1280
1185,1,28 West
1185,2,111th St
1185,5,East Bound: 6200 / West Bound: 6600
1186,0,1281
1186,1,714 West
1186,2,115th St
1186,5,East Bound: 5500 / West Bound: 6700
1187,0,1282
1187,2,119th St
1187,5,East Bound: 7100 / West Bound: 6200
1188,0,1283
1188,1,124 East
1188,2,127th St
1189,0,1284
1189,1,400 East
1189,2,130th St
1190,0,1285
1190,1,10801 South
1190,2,Cottage Grove Ave
1191,0,1286
1191,1,10621 South
1191,5,North Bound: 17400 / South Bound: 14400
1192,0,1287
1192,1,12535 South
1192,5,North Bound: 12500 / South Bound: 11100
1193,0,1288
1193,1,11027 South
1193,2,Dr Martin Luther King Jr Dr
1193,4,8900
1194,0,1289
1194,1,10400 South
1195,0,1291
1195,1,11356 South
1195,4,5300
1196,0,1292
1196,1,646 West
1196,2,103rd St
1197,0,1293
1197,2,112th St
1197,4,6300
1197,5,East Bound: 3500 / West Bound: 2800
1197,6,41.69183
1197,8,(41.69183
1198,0,1294
1198,2,130th St
1198,4,4200
1198,5,East Bound: 2300 / West Bound: 1900
1199,0,1295
1199,2,87th St
1199,4,6600
1199,5,East Bound: 3200 / West Bound: 3400
1199,6,41.73739
1199,8,(41.73739
1200,0,1296
1200,2,87th St
1200,5,East Bound: 7100 / West Bound: 8200
1201,0,1297
1201,8,(41.722709
1201,2,95th St
1201,5,East Bound: 7100 / West Bound: 6600
1201,7,-87.55587
1202,0,1298
1202,2,95th St
1203,0,1299
1203,1,10928 South
1203,8,(41.696434
1203,7,-87.54009
1204,0,1300
1205,0,1301
1205,4,8000
1206,0,1302
1206,2,Dr Martin Luther King Jr Dr
1207,0,1303
1208,0,1304
1208,1,10040 South
1209,0,1305
1209,2,103rd St
1210,0,1306
1210,2,103rd St
1210,5,East Bound: 9300 / West Bound: 9700
1211,0,1307
1211,2,103rd St
1211,5,East Bound: 8300 / West Bound: 8600
1212,0,1308
1212,2,107th St
1212,4,8200
1212,5,East Bound: 3500 / West Bound: 4700
1212,7,-87.6777
1212,8,(41.699096
1213,0,1309
1213,2,111th St
1214,0,1310
1214,2,111th St
1215,0,1311
1215,2,115th St
1215,5,East Bound: 6700 / West Bound: 5900
1216,0,1312
1216,1,710 West
1216,2,87th  St
1217,0,1313
1217,1,212 West
1217,2,95th ST
1218,0,1314
1218,2,95th St
1219,0,1316
1219,1,10216 South
1219,5,North Bound: 16800 / South Bound: 17200
1220,0,1318
1220,1,10552 South
1220,5,North Bound: 19800 / South Bound: 17900
1221,0,1319
1221,1,11427 South
1222,0,1320
1222,2,Stony Island Ave
1222,5,North Bound: 36100 / South Bound: 34800
1223,0,1321
1223,2,95th St
1223,4,8000
1223,5,East Bound: 3700 / West Bound: 4300
1224,0,1322
1224,5,North Bound: 11100 / South Bound: 13000
1225,0,1323
1225,5,North Bound: 17000 / South Bound: 18100
1226,0,1324
1226,2,South Chicago Ave
1227,0,1326
1227,5,North Bound: 21300 / South Bound: 22700
1228,0,1327
1228,2,Michigan Lower Ave
1229,0,1328
1230,0,1329
1231,0,1330
1231,5,North Bound: 16600 / / Oneway North Bound
1232,0,1331
1232,5,South Bound: 18700/ Oneway South Bound 
1233,0,1332
1233,5,North Bound: 13800 / South Bound: 13100
1234,0,1333
1234,5,South Bound: 12200/ Oneway South Bound 
1235,0,1334
1235,5,North Bound: 12600 / / Oneway North Bound
1236,0,1335
1236,1,355 West
1236,2,Lake St
1237,0,1336
1237,1,400 West
1238,0,1337
1238,1,389 West
1238,5,East Bound: 17000 / / Oneway East Bound 
1239,0,1338
1239,1,410 West
1240,0,1339
1240,1,390 West
1240,5,East Bound: 16000 / / Oneway East Bound 
1241,0,1340
1241,1,340 West
1242,0,1341
1242,1,380 West
1242,5,East Bound: 14300 / / Oneway East Bound 
1243,0,1342
1243,1,462 West
1244,0,1343
1244,4,4900
1245,0,1344
1245,2,Wacker Dr (lower)
1245,5,North Bound: 14700 / South Bound: 17300
1246,0,1345
1246,4,9700
1246,5,North Bound: 9700 / / Oneway North Bound
1247,0,1346
1247,4,9900
1248,0,1347
1248,8,(41.87559
1248,2,Financial PL
1248,4,2800
1248,6,41.87559
1249,0,1348
1249,4,2100
1250,0,1350
1250,4,2000
1251,0,1351
1251,5,North Bound: 15100 / / Oneway North Bound 
1252,0,1352
1252,2,Plymouth CT
1252,4,3500
1253,0,1353
1254,0,1354
1254,4,9600
1255,0,1355
1255,5,North Bound: 17200 / South Bound: 16300
1256,0,1356
1256,2,Congress Plaza Dr
1256,4,7500
1257,0,1357
1257,1,200 East
1257,4,7900
1257,5,East Bound: 4000 / West Bound: 3900
1257,6,41.87831
1257,8,(41.87831
1258,0,1358
1258,1,197 East
1258,5,East Bound: 8100 / West Bound: 5400
1258,6,41.88085
1258,8,(41.88085
1259,0,1359
1259,1,120 East
1260,0,1360
1260,1,180 East
1260,2,Lake St
1260,4,4600
1261,0,1361
1261,1,140 East
1261,2,South Water Lower St
1261,5,East Bound: 6400 / West Bound: 4200
1261,6,41.88673
1261,8,(41.88673
1262,0,1362
1262,1,222 East
1262,2,South Water Upper Ave
1262,4,5800
1262,5,East Bound: 3300 / West Bound: 2500
1263,0,1363
1263,1,111 East
1263,2,Wacker(upper) Dr
1263,5,East Bound: 8500 / West Bound: 6700
1263,7,-87.62409
1263,8,(41.888169
1264,0,1364
1264,1,133 East
1264,2,Wacker Lower Dr
1265,0,1365
1265,2,Stony Island Ave
1265,5,North Bound: 46300 / South Bound: 34800
1266,0,1366
1266,5,North Bound: 25800 / South Bound: 22100
1267,0,1367
1267,2,57th Dr
1268,0,1368
1268,4,103100
1268,5,North Bound: 54200 / South Bound: 48900
1269,0,1369
1269,2,Coast Guard Dr
1269,5,North Bound: 28100 / South Bound: 25300
1270,0,1370
1270,5,North Bound: 11900 / South Bound: 12800
1271,0,1371
1271,5,North Bound: 22100 / South Bound: 18800
1272,0,1372
1272,5,North Bound: 22400 / South Bound: 22300
1273,0,1373
1273,1,354 West
1273,2,109th St
1273,4,800
1273,5,West Bound: 800/ Oneway West Bound 
1274,0,1374
1274,1,350 West
1274,2,97th St
1274,4,3900
1274,5,East Bound: 1900 / West Bound: 2000
1274,6,41.71796
1274,8,(41.71796
1275,0,1375
1275,1,352 West
1275,2,101st St
1275,4,6800
1275,5,East Bound: 4100 / West Bound: 2700
1276,0,1376
1276,4,6400
1276,5,East Bound: 3300 / West Bound: 3100
1277,0,1381
1277,5,North Bound: 29200 / South Bound: 24600
1278,0,1382
1278,2,Western Ave (frontage rd)
1278,4,9900
1279,0,1
1279,2,71st Street
1279,5,East Bound: 7800 / West Bound: 6800
