"b000e6mjig","http://www.google.com/base/feeds/snippets/4549566074000049896"
"b000in8n30","http://www.google.com/base/feeds/snippets/11216712001773264822"
"b00005op44","http://www.google.com/base/feeds/snippets/18381906790026125106"
"b000090179","http://www.google.com/base/feeds/snippets/4323218411575640054"
"b000ffsgho","http://www.google.com/base/feeds/snippets/4935901327541769811"
"b0002fgfiy","http://www.google.com/base/feeds/snippets/16668702350993735780"
"b000e5n0mg","http://www.google.com/base/feeds/snippets/10008484121273338467"
"b000lrdlia","http://www.google.com/base/feeds/snippets/13830033675761129549"
"b000hctyte","http://www.google.com/base/feeds/snippets/7882287499485291732"
"b000g0oom4","http://www.google.com/base/feeds/snippets/6320757184409585395"
"b000ndicze","http://www.google.com/base/feeds/snippets/15315731988494931444"
"b000brm3xe","http://www.google.com/base/feeds/snippets/18396085441922746096"
"b000ehs6ic","http://www.google.com/base/feeds/snippets/9897777989987457856"
"b000ra3l3g","http://www.google.com/base/feeds/snippets/6628446350064818078"
"b000j6dues","http://www.google.com/base/feeds/snippets/12495037922890432173"
"b000j4k804","http://www.google.com/base/feeds/snippets/18411875162562199123"
"b000o3d94m","http://www.google.com/base/feeds/snippets/17453432506391757198"
"b000twz14o","http://www.google.com/base/feeds/snippets/17467141222535233488"
"b0009yn1rq","http://www.google.com/base/feeds/snippets/8664755713112971171"
"b000bb7fjw","http://www.google.com/base/feeds/snippets/17614065814468597783"
"b000ndibhi","http://www.google.com/base/feeds/snippets/8042583218932085904"
"b000v7vz1u","http://www.google.com/base/feeds/snippets/17615743519264436737"
"b000exu99k","http://www.google.com/base/feeds/snippets/17647670175814866187"
"b000lpc8t0","http://www.google.com/base/feeds/snippets/11831542288207686462"
"b000bu7u48","http://www.google.com/base/feeds/snippets/16694806128312036500"
"b000ozhfsq","http://www.google.com/base/feeds/snippets/18438075297130458214"
"b000f4ei40","http://www.google.com/base/feeds/snippets/5235601774209920453"
"b000mgvnks","http://www.google.com/base/feeds/snippets/10851688356333529622"
"b0006i7glw","http://www.google.com/base/feeds/snippets/16445577344159065644"
"b000fncrto","http://www.google.com/base/feeds/snippets/9167720084838534914"
"b000099sie","http://www.google.com/base/feeds/snippets/12471937113581397461"
"b000he35ss","http://www.google.com/base/feeds/snippets/11153480872220659485"
"b000bwbu6u","http://www.google.com/base/feeds/snippets/6282886480523973402"
"b000k6b2l0","http://www.google.com/base/feeds/snippets/17834804262117799503"
"b000e3c6c8","http://www.google.com/base/feeds/snippets/17693391962532243349"
"b0000899lt","http://www.google.com/base/feeds/snippets/16676630267570211401"
"b000e8jlai","http://www.google.com/base/feeds/snippets/8918859484248831701"
"b000e8rdrq","http://www.google.com/base/feeds/snippets/890958699191814692"
"b00006iqth","http://www.google.com/base/feeds/snippets/13286819633533674312"
"b000067fk7","http://www.google.com/base/feeds/snippets/8900923119664778651"
"b000bgtvbc","http://www.google.com/base/feeds/snippets/15661314377252665074"
"b000jx5nm8","http://www.google.com/base/feeds/snippets/17083097999546756325"
"b00006sijr","http://www.google.com/base/feeds/snippets/13589207002001810856"
"b000hbxjxc","http://www.google.com/base/feeds/snippets/11125907881740407428"
"b00007g3ai","http://www.google.com/base/feeds/snippets/11265957088683077055"
"b000edvrtq","http://www.google.com/base/feeds/snippets/14326164391298371952"
"b000jlj0cy","http://www.google.com/base/feeds/snippets/16827217446944316033"
"b00004tkvy","http://www.google.com/base/feeds/snippets/18441110047404795849"
"b0002e3g6o","http://www.google.com/base/feeds/snippets/18384557845547191313"
"b000hkgj8k","http://www.google.com/base/feeds/snippets/18417354130985846422"
"b000io7a9m","http://www.google.com/base/feeds/snippets/13440353610523579374"
"b000pgs3cq","http://www.google.com/base/feeds/snippets/5631550280326312479"
"b0000als2s","http://www.google.com/base/feeds/snippets/17832927937923546408"
"b000jx5shs","http://www.google.com/base/feeds/snippets/17578507241939502542"
"b000g6gn2m","http://www.google.com/base/feeds/snippets/4436087621332035022"
"b0001ipy66","http://www.google.com/base/feeds/snippets/17321125761149481127"
"b000rwdd9q","http://www.google.com/base/feeds/snippets/13813465547037122851"
"b000eavbdq","http://www.google.com/base/feeds/snippets/18443105453266961029"
"b000ozhfsq","http://www.google.com/base/feeds/snippets/9997282084409978802"
"b000bcgf9m","http://www.google.com/base/feeds/snippets/17137407106136957809"
"b000hhvb2w","http://www.google.com/base/feeds/snippets/17476622898499473532"
"b000hhvbdq","http://www.google.com/base/feeds/snippets/9685850187894108398"
"b000lu89uc","http://www.google.com/base/feeds/snippets/13380169193455086942"
"b00062jdka","http://www.google.com/base/feeds/snippets/9616317575612495489"
"b000gcbov6","http://www.google.com/base/feeds/snippets/779838933309218814"
"b000in6u62","http://www.google.com/base/feeds/snippets/18434616791723899127"
"b0008glgmc","http://www.google.com/base/feeds/snippets/11641601394104549163"
"b000dn7k8y","http://www.google.com/base/feeds/snippets/17723708447447202259"
"b0001an1n2","http://www.google.com/base/feeds/snippets/14758105640999079833"
"b000pg8kwe","http://www.google.com/base/feeds/snippets/15202414965182690664"
"b0000azvvs","http://www.google.com/base/feeds/snippets/2914315195947217599"
"b0009y6f56","http://www.google.com/base/feeds/snippets/13392915442415544255"
"b000jx3qxq","http://www.google.com/base/feeds/snippets/18435579466587005010"
"b00005bigp","http://www.google.com/base/feeds/snippets/17738870551709614779"
"b000ofnrhy","http://www.google.com/base/feeds/snippets/5098650180744423847"
"b000fkbhlg","http://www.google.com/base/feeds/snippets/725822618923623741"
"b000ozia62","http://www.google.com/base/feeds/snippets/648205874217332044"
"b000dz9yoa","http://www.google.com/base/feeds/snippets/5216541735240789992"
"b00006gxbz","http://www.google.com/base/feeds/snippets/3767792591229692245"
"b000q1pyv8","http://www.google.com/base/feeds/snippets/18171290245464117932"
"b000o27rgy","http://www.google.com/base/feeds/snippets/3109934347512360013"
"b000in6trc","http://www.google.com/base/feeds/snippets/6874875179525744781"
"b000fzxisg","http://www.google.com/base/feeds/snippets/10282477376383378142"
"b000ndemb2","http://www.google.com/base/feeds/snippets/9858798962478264497"
"b0000c7gep","http://www.google.com/base/feeds/snippets/18433413888105089937"
"b000i2qubi","http://www.google.com/base/feeds/snippets/12835181529749808477"
"b000ecqxjq","http://www.google.com/base/feeds/snippets/16899532838792786499"
"b000mcianu","http://www.google.com/base/feeds/snippets/13653159525369338466"
"b000b6vlh4","http://www.google.com/base/feeds/snippets/10993073455692001778"
"b00006jo4g","http://www.google.com/base/feeds/snippets/10206096308013781162"
"b00006jo4g","http://www.google.com/base/feeds/snippets/17983103067016649420"
"b000fa5ens","http://www.google.com/base/feeds/snippets/18384136689746651786"
"b000e136ga","http://www.google.com/base/feeds/snippets/11829938385250188093"
"b000hjdpx8","http://www.google.com/base/feeds/snippets/1829125396804686622"
"b000byr41s","http://www.google.com/base/feeds/snippets/825708128584676723"
"b00006jo4g","http://www.google.com/base/feeds/snippets/15933205235519328818"
"b000ndo7n0","http://www.google.com/base/feeds/snippets/17544063525352738794"
"b000saufbg","http://www.google.com/base/feeds/snippets/18225778049143407208"
"b000b5ue6y","http://www.google.com/base/feeds/snippets/18392141725886908183"
"b000b6n2m6","http://www.google.com/base/feeds/snippets/12929795214910360357"
"b0007vubx8","http://www.google.com/base/feeds/snippets/8395248988761650431"
"b00009adf3","http://www.google.com/base/feeds/snippets/12203635138191657547"
"b000qfqa1w","http://www.google.com/base/feeds/snippets/18405745276041721942"
"b00009v3nw","http://www.google.com/base/feeds/snippets/16452108546715101414"
"b00007eegy","http://www.google.com/base/feeds/snippets/3997486488729671932"
"b000cepgwg","http://www.google.com/base/feeds/snippets/4433860407786915136"
"b000a6na6a","http://www.google.com/base/feeds/snippets/18355630027419003625"
"b0001gjc52","http://www.google.com/base/feeds/snippets/13642535173107321529"
"b000i8od48","http://www.google.com/base/feeds/snippets/3626343668255224722"
"b000hlp5wa","http://www.google.com/base/feeds/snippets/8519495523069900652"
"b000hhvb5e","http://www.google.com/base/feeds/snippets/2651646167662758246"
"b000p5in5e","http://www.google.com/base/feeds/snippets/17334196774609191985"
"b000pg8kxs","http://www.google.com/base/feeds/snippets/13312621869477195220"
"b000kipk02","http://www.google.com/base/feeds/snippets/3911347389465432711"
"b000enucs8","http://www.google.com/base/feeds/snippets/4968803125750101769"
"b000coxs30","http://www.google.com/base/feeds/snippets/18397190495511936667"
"b000fovsei","http://www.google.com/base/feeds/snippets/11117774223029062148"
"b00007bguc","http://www.google.com/base/feeds/snippets/17967569973770560353"
"b000ogsgym","http://www.google.com/base/feeds/snippets/15551866173776009457"
"b00027eqmy","http://www.google.com/base/feeds/snippets/2460101921085498175"
"b000ivkrvs","http://www.google.com/base/feeds/snippets/15664992944977677730"
"b0001ghg64","http://www.google.com/base/feeds/snippets/17878975434909198145"
"b000ujw3ss","http://www.google.com/base/feeds/snippets/3469210017983673758"
"b000fbk6gc","http://www.google.com/base/feeds/snippets/18446612824766852081"
"b000jx1kma","http://www.google.com/base/feeds/snippets/18356272944058818376"
"b000r1g844","http://www.google.com/base/feeds/snippets/13637950682292849732"
"b0007sxglk","http://www.google.com/base/feeds/snippets/12109861711097484827"
"b000o3bj3k","http://www.google.com/base/feeds/snippets/12942134175594025487"
"b000lwfbem","http://www.google.com/base/feeds/snippets/6614738792097944479"
"b00079pmwa","http://www.google.com/base/feeds/snippets/18400846626733696167"
